Academic_Level,avg_addiction,pct_high_addiction,avg_sleep,avg_mental_health,count
Graduate,18.98,1.2307692307692308,7.030153846153847,6.372307692307692,325
High School,18.514814814814812,0.0,5.455555555555556,5.111111111111111,27
Undergraduate,19.274787535410766,5.099150141643059,6.828611898016997,6.1784702549575075,353
