Most_Used_Platform,avg_addiction,pct_high_addiction,count
Instagram,19.55582329317269,6.425702811244979,249
Tiktok,20.179220779220778,3.2467532467532463,154
Facebook,18.449593495934963,0.0,123
Whatsapp,21.461111111111112,1.8518518518518516,54
Twitter,17.990000000000002,0.0,30
Linkedin,10.752380952380953,0.0,21
Wechat,20.353333333333335,0.0,15
Snapchat,17.53076923076923,0.0,13
Line,14.75,0.0,12
Kakaotalk,18.45,0.0,12
Vkontakte,17.25,0.0,12
Youtube,16.31,0.0,10
